names,email,company,city,country,coordinates
Charity I. Richard,Vivamus.nibh@Donec.ca,Nulla Ltd,Monte San Giovanni in Sabina,Micronesia,-88.18757, -78.7753,1
Paula C. Pollard,nunc.id.enim@tinciduntpede.org,Sem Molestie Sodales Limited,Riparbella,Côte D'Ivoire (Ivory Coast),88.09096, 98.40991,2
Beau Phillips,scelerisque@lectusasollicitudin.net,Pretium LLP,Leval-Chaudeville,Mozambique,-29.376, 98.48547,3
Aladdin Burns,felis@enimNuncut.org,Scelerisque Dui Ltd,Ankara,Moldova,-15.56712, 57.25089,4
Cade Noel,hendrerit@lorem.co.uk,Nisi Nibh Consulting,Foz do Iguaçu,Guinea-Bissau,-6.36195, 138.62524,6
Colt Hahn,sit@luctusCurabitur.co.uk,Nullam Lobortis Quam Incorporated,Kozhikode,Papua New Guinea,-50.5856, -132.06575,7
Anika Jensen,sit.amet.lorem@cubilia.com,Mattis Associates,Bossire,Uruguay,-21.50156, 69.43286,8
Rachel Mcintyre,luctus.lobortis@Namporttitor.ca,Neque Morbi Quis Foundation,Alajuelita,Eritrea,-54.08039, 149.22391,9
Kamal Chen,et.magna@ullamcorpernislarcu.ca,Odio Vel Ltd,San Piero a Sieve,Seychelles,-7.42063, -127.82644,10
Jerome H. Conner,fermentum.metus.Aenean@egestas.com,Vulputate Risus Ltd,Penrith,Gabon,82.16372, -18.29134,11
Keane U. Becker,nec.quam.Curabitur@mi.org,Est Ac Facilisis LLC,Gasp�,Tunisia,63.9885, -98.34441,12
Dylan Byers,eu@pedeSuspendissedui.edu,Nibh Corporation,Brusson,Barbados,15.31146, -108.13931,13
Roanna X. Mccullough,libero.Proin@eratnonummyultricies.com,Vitae Mauris Sit Inc.,Savannah,Macedonia,74.80248, 116.05192,14
Scarlett Castaneda,auctor.ullamcorper.nisl@adipiscing.org,Pretium Aliquet Metus PC,Beawar,Mozambique,-42.23188, 174.51449,15
Vaughan W. Quinn,ac.turpis.egestas@natoquepenatibus.com,Pede Limited,Midway,Azerbaijan,-44.61886, -25.21481,16
Allistair Key,varius.Nam@ridiculusmus.ca,Eros LLC,Mahbubnagar,Lithuania,12.53451, 55.17313,17
Emerson P. Kramer,Donec.felis@ametconsectetuer.org,Eu Nibh Limited,Alto Hospicio,Bhutan,67.89571, -58.58823,18
Griffin Duffy,velit@cubiliaCurae.com,Vel Corp.,Comblain-la-Tour,Laos,64.20748, 118.4729,19
Lacey York,ornare@ultrices.edu,Egestas Incorporated,Marilles,Egypt,32.54472, -90.24668,20
Alexander Flynn,tellus@eratnequenon.edu,Lobortis Nisi Nibh Foundation,Tarnów,Isle of Man,67.00352, -154.75941,21
George Hancock,in@cursusin.net,Cum Sociis Natoque Industries,San Sostene,Peru,78.37093, -164.00796,22
Emmanuel L. Fulton,cubilia@vitaesemper.com,Dictum Mi Consulting,Grand Island,Taiwan,80.56707, 119.87318,23
Tasha Mann,dapibus@in.org,Malesuada Fringilla Est Consulting,Calgary,Reunion,65.22402, 146.95169,24
Victoria Stevens,volutpat.Nulla@magnaDuisdignissim.org,Ipsum Suspendisse Non Consulting,Adoni,Nauru,48.95464, 135.23053,25
Steel Rios,magnis@tempordiamdictum.edu,Enim Mauris Company,Petacciato,Kyrgyzstan,29.84477, -5.9645,26
Latifah Alvarado,quis.lectus@cursus.ca,Curabitur Consulting,Mauá,Malta,1.22194, 19.83985,27
Raphael Boyd,sociosqu.ad.litora@nasceturridiculusmus.edu,Magna Et Institute,Zutendaal,Luxembourg,-44.61266, -41.30142,28
Serena Hester,Pellentesque.ultricies@eratvitae.org,Est Mauris Eu Ltd,Milwaukee,Liberia,2.24476, -135.43226,29
Illana Meyers,Sed@lacusNulla.ca,Lorem Semper Consulting,Itanagar,Gabon,-9.5892, -138.82099,30
Sylvester I. Rice,pulvinar@famesacturpis.ca,Enim PC,Fogliano Redipuglia,Lithuania,5.53857, 110.67087,31
Geoffrey T. Beard,quam.dignissim@idantedictum.edu,Lectus PC,Markkleeberg,Belgium,19.43522, -114.60853,32
Risa E. Hayes,felis.Nulla@euismodetcommodo.edu,Tempus Mauris LLP,Londrina,Qatar,2.23731, 1.17591,33
Raymond Dodson,dui@velit.edu,Varius Ultrices Mauris Foundation,Kungälv,Ecuador,-61.0367, 43.20857,34
Anthony Gillespie,molestie@Cum.ca,Phasellus Ornare Company,Houffalize,Martinique,-72.2152, 7.10863,35
Vivian E. Rodriquez,Nunc@vestibulum.com,Dis Parturient Company,Villanovafranca,Libya,62.94839, 146.32469,36
Brendan Wheeler,est.ac@veliteusem.net,Sociis Incorporated,Gagliato,Norway,-70.6256, 84.69612,37
Yasir Woods,dui.Cum@egestasligulaNullam.org,Feugiat Inc.,Parkland County,Turks and Caicos Islands,-70.15817, -118.70375,38
Adrienne K. Baker,Mauris.vestibulum.neque@Nulla.org,Libero Dui Nec PC,Tiruvarur,Saint Martin,-79.04799, -89.48697,39
Amela I. Cannon,tristique.pharetra.Quisque@felisegetvarius.ca,Vel Consulting,GŽrompont,Tanzania,-14.85711, -82.6463,40
Kylie Garrett,neque.Nullam@eros.com,Viverra Donec Inc.,Lustin,Tuvalu,55.39422, -5.5121,41
Meghan C. Byrd,fermentum.metus.Aenean@enimMauris.com,Erat LLC,Alcobendas,Turkey,-62.58373, -136.59717,42
Shoshana Ballard,sit.amet.massa@velit.ca,Pede Cras Associates,Nuragus,Cocos (Keeling) Islands,31.40834, -7.62787,43
Edan Workman,eu.tellus.Phasellus@necligula.net,Cras Vulputate Velit LLC,Mönchengladbach,New Caledonia,-55.47438, -101.95713,44
Melvin Y. Blake,Nulla.interdum@loremauctorquis.org,Nec Institute,Waarmaarde,Greenland,4.37103, -47.45627,45
Nathaniel Manning,aliquet.Proin.velit@risusa.edu,Non Egestas LLC,Putaendo,Namibia,23.41448, 84.63163,46
Madeson L. Howell,magna.Nam@Duisatlacus.co.uk,Sit Industries,Montefalcone nel Sannio,Djibouti,-86.20281, 76.9477,47
Michael Talley,enim@pharetraQuisque.org,Luctus LLP,Posina,Australia,-11.98009, 151.88603,48
Ezekiel Whitney,cursus@faucibusorciluctus.co.uk,Amet Orci Ut Institute,Motta Camastra,Christmas Island,-56.18325, -82.81866,49
Nayda U. Peters,ut.odio@Quisqueimperdieterat.ca,Libero Incorporated,Amqui,Slovenia,-15.32734, -86.01039,50
Axel Holt,faucibus@dolorquam.org,Duis Volutpat Nunc PC,Chichester,Madagascar,-28.08246, 152.36325,51
Brennan Winters,at@felisullamcorperviverra.edu,Dignissim Lacus Aliquam Ltd,Floriffoux,Turkey,72.94431, -141.5631,52
Keely D. Barrera,non@arcuVestibulumante.co.uk,Consectetuer Corp.,Merksplas,Oman,-23.07966, -66.79033,53
Kylan Wyatt,dui.nec@eratvolutpatNulla.ca,Egestas Ligula Industries,Wilskerke,Zimbabwe,-73.85836, -93.02307,54
Aaron Estrada,Donec.est@massaQuisque.edu,Mi Felis Associates,Gualdo Cattaneo,Bosnia and Herzegovina,-62.30963, 176.38082,55
Yoshio Sellers,ultricies.ornare.elit@lorem.co.uk,Fames Industries,Ostra Vetere,Guernsey,87.54942, -89.84469,56
Simone K. Graves,eget.odio.Aliquam@Quisque.edu,Quam Pellentesque Corp.,Münster,Pitcairn Islands,-23.37028, 79.15005,57
Keefe Durham,sagittis.semper.Nam@atrisus.edu,Lectus Corp.,Sgonico,Netherlands,39.40044, -16.01338,58
Solomon W. Clemons,quam@Aeneaneuismod.co.uk,Orci Foundation,Frederick,Tanzania,1.47918, -169.40078,59
TaShya Reese,turpis@enimCurabitur.org,In Consectetuer Corporation,Idaho Falls,Congo (Brazzaville),-9.11031, 69.18156,60
Caryn Riley,Sed.nulla@lectusjustoeu.edu,Lacus Ut Institute,Orroli,Senegal,28.72618, 104.94976,61
Nevada A. Stein,vehicula.aliquet@liberoMorbiaccumsan.org,Ipsum Suspendisse Non Inc.,Pembroke,Philippines,-17.27998, 75.66801,62
Miriam R. Dean,pretium.aliquet.metus@estconguea.net,Eu Industries,Ziano di Fiemme,Congo, the Democratic Republic of the,-89.72313, 62.82023,63
Oscar Y. Henry,Sed@rhoncus.net,Tincidunt Neque Vitae Company,Heusden,Marshall Islands,25.48656, -44.16369,64
Dante Heath,dui.Fusce@dis.org,Nec Malesuada Ut Industries,Kırıkhan,Sierra Leone,25.60279, -48.73199,65
Simone C. Boone,interdum@enimsitamet.org,Mauris Blandit Mattis Institute,Ereğli,Gibraltar,22.70237, -99.70933,66
Wynne Q. Beasley,montes.nascetur@uteros.ca,Amet Associates,Provost,Cocos (Keeling) Islands,58.01345, -179.28188,67
Maisie Bowers,litora.torquent@Suspendisse.co.uk,Nunc Ltd,Rankweil,Chad,-10.87356, 127.49782,68
Astra Walsh,vitae@semperauctorMauris.ca,Luctus Vulputate LLC,Chatillon,Cuba,47.54086, 57.80236,69
Jessica D. Albert,est@nequeMorbi.co.uk,Donec Industries,Sosnowiec,Maldives,36.04429, -9.67749,70
Fitzgerald U. Branch,euismod@egestaslacinia.org,Sit Amet Inc.,Connah's Quay,Zimbabwe,67.38818, 175.85847,71
Colin F. Marshall,mauris.aliquam.eu@odioauctorvitae.org,Nulla Interdum Curabitur Corporation,Renfrew,British Indian Ocean Territory,54.31163, 52.32787,72
Neve H. Long,tellus.Suspendisse.sed@semPellentesque.ca,Mauris Company,İmamoğlu,Bosnia and Herzegovina,73.81025, -133.42597,73
Wade Clemons,Maecenas.iaculis@odioPhasellusat.edu,Consequat Auctor Nunc Associates,Nampa,Belize,5.72435, -47.73456,74
Sandra Reese,Vestibulum.ut@semelit.co.uk,Dui Augue Associates,Weiz,Venezuela,31.80957, 0.07046,75
Phoebe Shaw,ultrices@orcilobortisaugue.org,Dapibus Ligula Aliquam Corporation,Quilaco,Bahrain,71.15392, 101.99552,76
Aileen M. Orr,vulputate@Praesenteu.com,Arcu Ac Limited,Quintero,Georgia,33.27217, 164.60802,77
Sharon Freeman,natoque.penatibus@utmiDuis.ca,Lectus Corp.,Casoli,Saint Kitts and Nevis,35.83808, 16.68808,78
Callie Zamora,sapien@Class.co.uk,Blandit Nam PC,Aalen,Cameroon,36.0756, 168.21824,79
Francis Wells,et@nonmagna.net,Magna Duis Dignissim LLP,Nossegem,Fiji,60.35195, 120.42122,80
Benjamin Z. Contreras,sodales.nisi.magna@tristique.edu,Nulla Ltd,Overrepen,Cambodia,-49.20628, -68.22895,81
Hamish I. Russo,sociis.natoque@nonluctussit.com,A Incorporated,İzmit,Gibraltar,-56.25352, 165.82913,82
Magee Tran,non.sollicitudin@Crasdolor.net,Lacus Incorporated,Ekeren,Libya,-35.52266, -151.66525,83
Alec U. Hays,sed@arcu.com,Tortor At Limited,Piracicaba,Saint Vincent and The Grenadines,68.49708, -101.91479,84
Curran Thomas,mattis.semper.dui@Quisquetinciduntpede.co.uk,Et Company,Bochum,Venezuela,17.14575, 16.78368,85
Selma H. Mitchell,a.malesuada.id@lectuspede.edu,Lacus Quisque Imperdiet Company,IJlst,Bolivia,50.25945, 99.83381,86
Noelani N. Wooten,dolor@dictumeu.edu,Orci Sem Institute,Hénin-Beaumont,Chile,-30.32126, 132.74059,87
Melvin S. Ewing,orci.in.consequat@magnis.edu,Maecenas Ornare Foundation,Montaldo Bormida,Algeria,30.2458, -17.30407,88
Roth Q. Tran,adipiscing.lacus@aliquameros.edu,Ut Cursus Inc.,Valenciennes,Laos,-87.3941, 52.42422,89
Heather Cruz,commodo.at.libero@natoque.ca,Mauris Rhoncus Id Incorporated,Roux,Sint Maarten,-35.94966, 126.90983,90
Ahmed X. Cox,faucibus.leo.in@seddolor.co.uk,Sit Amet Ultricies Corporation,Borchtlombeek,Papua New Guinea,-28.55537, 96.53997,91
Merrill J. Parsons,malesuada.malesuada@pedeCrasvulputate.net,Rutrum Justo Incorporated,Bousval,Latvia,-79.25103, -169.56908,92
Francesca Martinez,Phasellus@vel.com,Egestas Rhoncus Limited,Coihaique,Botswana,-83.68643, -103.69212,93
Prescott Silva,dignissim.lacus@Proinvelnisl.edu,Donec Porttitor Consulting,Arbroath,Finland,-75.3624, -25.85823,94
Isabelle F. Copeland,mauris.rhoncus.id@nequeMorbi.co.uk,Fringilla Euismod Foundation,Alacant,Chad,-88.74419, -142.7185,95
Scott Q. Walsh,a.neque@nulla.co.uk,Risus In Industries,Aydın,Canada,-38.65268, 102.2422,96
Gabriel Floyd,gravida@augueidante.edu,Eu Corp.,Rae-Edzo,Thailand,-29.52389, 8.25809,97
Zephania F. Bond,sit@Craseu.net,Tempor Incorporated,Lodine,Latvia,43.8507, -14.70439,98
Harrison Byrd,adipiscing.ligula.Aenean@tellusid.com,Nam Ligula Elit Company,Viano,Tonga,59.73267, -28.29647,99
Tanner Y. Sutton,Fusce.fermentum@sit.org,Ipsum Associates,Cavaion Veronese,Mayotte,-69.2396, 137.82416,100

